{
  "1 day(s) MAE": 0.08848502696494018,
  "1 day(s) RMSE": 0.1985160953718448,
  "1 day(s) R2": 0.42692387908342333,
  "1 day(s) Pearson r": 0.6560757615046852,
  "1 day(s) QLIKE": 10.263627067035724,
  "3 day(s) MAE": 0.095443677681444,
  "3 day(s) RMSE": 0.2128607983461033,
  "3 day(s) R2": 0.34111134799339926,
  "3 day(s) Pearson r": 0.587113832480138,
  "3 day(s) QLIKE": 9.484916187601488,
  "5 day(s) MAE": 0.10008558877235474,
  "5 day(s) RMSE": 0.2163759770728385,
  "5 day(s) R2": 0.319450401779356,
  "5 day(s) Pearson r": 0.5672012556513709,
  "5 day(s) QLIKE": 9.115607819765303,
  "10 day(s) MAE": 0.10537720703147412,
  "10 day(s) RMSE": 0.2291223111904048,
  "10 day(s) R2": 0.2367534107036019,
  "10 day(s) Pearson r": 0.49508735209722793,
  "10 day(s) QLIKE": 8.475632154929311,
  "20 day(s) MAE": 0.11724144771629505,
  "20 day(s) RMSE": 0.2538932948976839,
  "20 day(s) R2": 0.06231750397178071,
  "20 day(s) Pearson r": 0.3472017936967218,
  "20 day(s) QLIKE": 8.33538272725415,
  "full horizon MAE": 0.12497165329074338,
  "full horizon RMSE": 0.2667261832067971,
  "full horizon R2": -0.03527592941735502,
  "full horizon Pearson r": 0.269565861807488,
  "full horizon QLIKE": 8.043370158290056
}